<?xml version="1.0"?>
<choices xml:lang="EN">
  <item><label>Alabama</label><value>AL</value></item>
  <item><label>Alaska</label><value>AK</value></item>
  <item><label>Arizona</label><value>AZ</value></item>
  <item><label>Arkansas</label><value>AR</value></item>
  <item><label>California</label><value>CA</value></item>
  <item><label>Colorado</label><value>CO</value></item>
  <item><label>Connecticut</label><value>CT</value></item>
  <item><label>Delaware</label><value>DE</value></item>
  <item><label>Florida</label><value>FL</value></item>
  <item><label>Georgia</label><value>GA</value></item>
  <item><label>Hawaii</label><value>HI</value></item>
  <item><label>Idaho</label><value>ID</value></item>
  <item><label>Illinois</label><value>IL</value></item>
  <item><label>Indiana</label><value>IN</value></item>
  <item><label>Iowa</label><value>IA</value></item>
  <item><label>Kansas</label><value>KS</value></item>
  <item><label>Kentucky</label><value>KY</value></item>
  <item><label>Louisiana</label><value>LA</value></item>
  <item><label>Maine</label><value>ME</value></item>
  <item><label>Maryland</label><value>MD</value></item>
  <item><label>Massachusetts</label><value>MA</value></item>
  <item><label>Michigan</label><value>MI</value></item>
  <item><label>Minnesota</label><value>MN</value></item>
  <item><label>Mississippi</label><value>MS</value></item>
  <item><label>Missouri</label><value>MO</value></item>
  <item><label>Montana</label><value>MT</value></item>
  <item><label>Nebraska</label><value>NE</value></item>
  <item><label>Nevada</label><value>NV</value></item>
  <item><label>New Hampshire</label><value>NH</value></item>
  <item><label>New Jersey</label><value>NJ</value></item>
  <item><label>New Mexico</label><value>NM</value></item>
  <item><label>New York</label><value>NY</value></item>
  <item><label>North Carolina</label><value>NC</value></item>
  <item><label>North Dakota</label><value>ND</value></item>
  <item><label>Ohio</label><value>OH</value></item>
  <item><label>Oklahoma</label><value>OK</value></item>
  <item><label>Oregon</label><value>OR</value></item>
  <item><label>Pennsylvania</label><value>PA</value></item>
  <item><label>Rhode Island</label><value>RI</value></item>
  <item><label>South Carolina</label><value>SC</value></item>
  <item><label>South Dakota</label><value>SD</value></item>
  <item><label>Tennessee</label><value>TN</value></item>
  <item><label>Texas</label><value>TX</value></item>
  <item><label>Utah</label><value>UT</value></item>
  <item><label>Vermont</label><value>VT</value></item>
  <item><label>Virginia</label><value>VA</value></item>
  <item><label>Washington</label><value>WA</value></item>
  <item><label>West Virginia</label><value>WV</value></item>
  <item><label>Wisconsin</label><value>WI</value></item>
  <item><label>Wyoming</label><value>WY</value></item>
</choices>
